<?xml version="1.0" encoding="UTF-8"?>
<project-private xmlns="http://www.netbeans.org/ns/project-private/1">
    <editor-bookmarks xmlns="http://www.netbeans.org/ns/editor-bookmarks/2" lastBookmarkId="0"/>
    <open-files xmlns="http://www.netbeans.org/ns/projectui-open-files/2">
        <group>
            <file>file:/C:/Users/crist/Downloads/PooClaculadora/PooClaculadora/src/pooclaculadora/Ventana.java</file>
            <file>file:/C:/Users/crist/Downloads/PooClaculadora/PooClaculadora/src/pooclaculadora/PooClaculadora.java</file>
            <file>file:/C:/Users/crist/Downloads/PooClaculadora/PooClaculadora/src/pooclaculadora/Calculadora.java</file>
        </group>
    </open-files>
</project-private>
